"Message",Low,"Die .NET Native-Kompilierung wird gestartet."
"Message",Low,""
"Message",Low,""
"Message",Low,"Task ""Gatekeeper"""
"Message",Normal,"""C:\Program Files (x86)\Microsoft SDKs\UWPNuGetPackages\runtime.win10-x86.microsoft.net.native.compiler\2.2.1\tools\x86\ilc\ilc.exe --gatekeeper @""C:\Users\mariu\Desktop\projs\Spotitube\Spotitube\obj\x86\Release\ilc\intermediate\gkargs.rsp"""" wird gestartet."
"Message",Low,"Microsoft (R) .NET Native Gatekeeper Version 2.2.27015.02 "
"Message",Low,"Copyright (C) Microsoft Corporation.  All rights reserved. "
"Message",Low," "
"Message",Low,"ILCTelemetry: System.ArgumentException: Could not deserialize to TelemetrySession object"
"Message",Low,"Parametername: serializedSession ---> System.Runtime.Serialization.SerializationException: Fehler beim Deserialisieren des Objekts ""vom Typ Microsoft.VisualStudio.Telemetry.TelemetrySessionSettings"". Es wurde das Token """""" erwartet, doch gefunden wurde ""I"". ---> System.Xml.XmlException: Es wurde das Token """""" erwartet, doch gefunden wurde ""I""."
"Message",Low,"   bei System.Xml.XmlExceptionHelper.ThrowXmlException(XmlDictionaryReader reader, String res, String arg1, String arg2, String arg3)"
"Message",Low,"   bei System.Xml.XmlExceptionHelper.ThrowTokenExpected(XmlDictionaryReader reader, String expected, Char found)"
"Message",Low,"   bei System.Runtime.Serialization.Json.XmlJsonReader.ReadServerTypeAttribute(Boolean consumedObjectChar)"
"Message",Low,"   bei System.Runtime.Serialization.Json.XmlJsonReader.ReadAttributes()"
"Message",Low,"   bei System.Runtime.Serialization.Json.XmlJsonReader.ReadNonExistentElementName(StringHandleConstStringType elementName)"
"Message",Low,"   bei System.Runtime.Serialization.Json.XmlJsonReader.Read()"
"Message",Low,"   bei System.Xml.XmlBaseReader.IsStartElement()"
"Message",Low,"   bei System.Xml.XmlBaseReader.IsStartElement(XmlDictionaryString localName, XmlDictionaryString namespaceUri)"
"Message",Low,"   bei System.Runtime.Serialization.XmlReaderDelegator.IsStartElement(XmlDictionaryString localname, XmlDictionaryString ns)"
"Message",Low,"   bei System.Runtime.Serialization.XmlObjectSerializer.IsRootElement(XmlReaderDelegator reader, DataContract contract, XmlDictionaryString name, XmlDictionaryString ns)"
"Message",Low,"   bei System.Runtime.Serialization.Json.DataContractJsonSerializer.InternalIsStartObject(XmlReaderDelegator reader)"
"Message",Low,"   bei System.Runtime.Serialization.Json.DataContractJsonSerializer.InternalReadObject(XmlReaderDelegator xmlReader, Boolean verifyObjectName)"
"Message",Low,"   bei System.Runtime.Serialization.XmlObjectSerializer.InternalReadObject(XmlReaderDelegator reader, Boolean verifyObjectName, DataContractResolver dataContractResolver)"
"Message",Low,"   bei System.Runtime.Serialization.XmlObjectSerializer.ReadObjectHandleExceptions(XmlReaderDelegator reader, Boolean verifyObjectName, DataContractResolver dataContractResolver)"
"Message",Low,"   --- Ende der internen Ausnahmestapel�berwachung ---"
"Message",Low,"   bei System.Runtime.Serialization.XmlObjectSerializer.ReadObjectHandleExceptions(XmlReaderDelegator reader, Boolean verifyObjectName, DataContractResolver dataContractResolver)"
"Message",Low,"   bei System.Runtime.Serialization.Json.DataContractJsonSerializer.ReadObject(XmlDictionaryReader reader)"
"Message",Low,"   bei System.Runtime.Serialization.Json.DataContractJsonSerializer.ReadObject(Stream stream)"
"Message",Low,"   bei Microsoft.VisualStudio.Telemetry.TelemetrySessionSettings.Deserialize(String settings)"
"Message",Low,"   bei Microsoft.VisualStudio.Telemetry.TelemetrySessionSettings.Parse(String serializedSession)"
"Message",Low,"   --- Ende der internen Ausnahmestapel�berwachung ---"
"Message",Low,"   bei Microsoft.VisualStudio.Telemetry.TelemetrySessionSettings.Parse(String serializedSession)"
"Message",Low,"   bei ILCTelemetry.Program.ReadEvents()"
"Message",Low,"   bei ILCTelemetry.Program.Main(String[] args)"
"Message",Low,"Assembly ""C:\Users\mariu\Desktop\projs\Spotitube\Spotitube\obj\x86\Release\ilc\in\CliWrap.dll"" wird gepr�ft. "
"Message",Low,"Assembly ""C:\Users\mariu\Desktop\projs\Spotitube\Spotitube\obj\x86\Release\ilc\in\LtGt.dll"" wird gepr�ft. "
"Message",Low,"Assembly ""C:\Users\mariu\Desktop\projs\Spotitube\Spotitube\obj\x86\Release\ilc\in\Newtonsoft.Json.dll"" wird gepr�ft. "
"Message",Low,"Assembly ""C:\Users\mariu\Desktop\projs\Spotitube\Spotitube\obj\x86\Release\ilc\in\SpotiTube.exe"" wird gepr�ft. "
"Message",Low,"Assembly ""C:\Users\mariu\Desktop\projs\Spotitube\Spotitube\obj\x86\Release\ilc\in\Sprache.dll"" wird gepr�ft. "
"Message",Low,"Assembly ""C:\Users\mariu\Desktop\projs\Spotitube\Spotitube\obj\x86\Release\ilc\in\YoutubeExplode.dll"" wird gepr�ft. "
"Message",Low,"Assembly ""C:\Users\mariu\Desktop\projs\Spotitube\Spotitube\obj\x86\Release\ilc\in\YoutubeExplode.Converter.dll"" wird gepr�ft. "
"Message",Low,"Assembly ""C:\Users\mariu\Desktop\projs\Spotitube\Spotitube\obj\x86\Release\ilc\in\YoutubeSearch.dll"" wird gepr�ft. "
"Message",Normal,"""C:\Program Files (x86)\Microsoft SDKs\UWPNuGetPackages\runtime.win10-x86.microsoft.net.native.compiler\2.2.1\tools\x86\ilc\ilc.exe --gatekeeper @""C:\Users\mariu\Desktop\projs\Spotitube\Spotitube\obj\x86\Release\ilc\intermediate\gkargs.rsp"""" wurde abgeschlossen."
"Message",Normal,"Statistiken für die Prozessausführung (alle Zeitangaben in Millisekunden)"
"Message",Normal,"-----------------------------------------------------------------------------"
"Message",Normal,"Start |  Starten   |   Beenden   |   Ende    | Dauer | Lebensdauer | [Slot] Name"
"Message",Normal,"-----------------------------------------------------------------------------"
"Message",Normal,"       0 |       15 |      546 |      546 |      531 |      546 | [0] Gatekeeper"
"Message",Normal,"Anzahl der Befehle:      1"
"Message",Normal,"Systemzeit gesamt:       546 ms"
"Message",Normal,"Systemzeit pro Befehl: 546 ms"
"Message",Normal,"Dauer gesamt:          531 ms"
"Message",Normal,"Lebensdauer gesamt:          546 ms"
"Message",Normal,"Angeforderter DOP:           8"
"Message",Normal,"Dauer DOP:            1,0"
"Message",Normal,"Lebensdauer DOP:            1,0"
"Message",Low,"Die Ausführung von Task ""Gatekeeper"" wurde beendet."
"Message",Low,"Die Erstellung des Ziels ""RunGatekeeper"" in der Datei ""Preparation"" ist abgeschlossen."
"Message",Low,""
"Message",Low,"Die Erstellung des Ziels ""CreateToolchainGeneratedAssembly"" in der Datei ""Preparation"" ist abgeschlossen."
"Message",Low,""
"Message",Low,"Task ""PreMergeAssemblyClosure"""
"Message",Low,"Die Ausführung von Task ""PreMergeAssemblyClosure"" wurde beendet."
"Message",Low,"Die Erstellung des Ziels ""ConstructPreMergeAssemblyClosure"" in der Datei ""Preparation"" ist abgeschlossen."
"Message",Low,""
"Message",Low,"Task ""McgReferenceResolveFilePath"""
"Message",Low,"Die Ausführung von Task ""McgReferenceResolveFilePath"" wurde beendet."
"Message",Low,"Die Erstellung des Ziels ""PreResolveTransforms"" in der Datei ""Preparation"" ist abgeschlossen."
"Message",Low,""
"Message",Low,"Task ""ResolveToolchainRequiredAssemblyRoots"""
"Message",Low,"Die Ausführung von Task ""ResolveToolchainRequiredAssemblyRoots"" wurde beendet."
"Message",Low,"Task ""ILTransformAssemblyClosure"""
"Message",Low,"Die Ausführung von Task ""ILTransformAssemblyClosure"" wurde beendet."
"Message",Low,"Task ""ResolveToolchainRequiredAssemblyRoots"""
"Message",Low,"Die Ausführung von Task ""ResolveToolchainRequiredAssemblyRoots"" wurde beendet."
"Message",Low,"Task ""ReducedCopyAssemblyClosure"""
"Message",Low,"Die Ausführung von Task ""ReducedCopyAssemblyClosure"" wurde beendet."
"Message",Low,"Die Erstellung des Ziels ""ConstructILTransformAssemblyClosure"" in der Datei ""Preparation"" ist abgeschlossen."
"Message",Low,"Die Erstellung des Projekts ""Preparation"" ist abgeschlossen."
"Message",Low,""
"Message",Low,""
"Message",High,"Der Anwendungscode wird verarbeitet."
"Message",Low,"Task ""RunILTransforms"""
"Message",Normal,"Die DumpNativeResources-Transformation wird ausgeführt, Heap bei 60 MB."
"Message",Normal,"Die Analysis-Transformation wird ausgeführt, Heap bei 74 MB."
"Message",Low,"106 Module werden geladen..."
"Message",Normal,"Importierte Reflektionsdirektiven aus 15 Dateien:"
"Message",Normal,"C:\Users\mariu\Desktop\projs\Spotitube\Spotitube\obj\x86\Release\ilc\in\Properties\Default.rd.xml"
"Message",Normal,"Eingebettetes Manifest in System.Private.Interop: Resources.System.Private.Interop.rd.xml"
"Message",Normal,"Eingebettetes Manifest in System.Private.WinRTInterop.CoreLib: Resources.System.Private.WinRTInterop.CoreLib.rd.xml"
"Message",Normal,"Eingebettetes Manifest in System.Runtime.WindowsRuntime.UI.Xaml: Resources.System.Runtime.WindowsRuntime.UI.Xaml.rd.xml"
"Message",Normal,"Eingebettetes Manifest in System.ComponentModel.TypeConverter: System.ComponentModel.TypeConverter.Resources.System.ComponentModel.TypeConverter.rd.xml"
"Message",Normal,"Eingebettetes Manifest in System.Private.CoreLib: Resources.System.Private.CoreLib.rd.xml"
"Message",Normal,"Eingebettetes Manifest in System.Private.Uri: Resources.System.Private.Uri.rd.xml"
"Message",Normal,"Eingebettetes Manifest in System.Private.Reflection.Core: System.Private.Reflection.Core.rd.xml"
"Message",Normal,"Eingebettetes Manifest in System.Private.Xml: System.Xml.Resources.System.Private.Xml.rd.xml"
"Message",Normal,"Eingebettetes Manifest in System.Runtime.Serialization.Formatters: System.Runtime.Serialization.Formatters.Resources.System.Runtime.Serialization.Formatters.rd.xml"
"Message",Normal,"Eingebettetes Manifest in System.Linq.Expressions: System.Linq.Expressions.Resources.System.Linq.Expressions.rd.xml"
"Message",Normal,"Eingebettetes Manifest in System.Runtime.Serialization.Primitives: System.Runtime.Serialization.Primitives.Resources.System.Runtime.Serialization.Primitives.rd.xml"
"Message",Normal,"Eingebettetes Manifest in System.Data.Common: Resources.System.Data.Common.rd.xml"
"Message",Normal,"Eingebettetes Manifest in System.Net.Primitives: Resources.System.Net.Primitives.rd.xml"
"Message",Normal,"Newtonsoft.Json"
"Message",Normal,"Importierte XAML-Stämme aus 1 Dateien:"
"Message",Normal,"C:\Users\mariu\Desktop\projs\Spotitube\Spotitube\obj\x86\Release\ilc\in\SpotiTube.xr.xml"
"Message",Normal,"Die Mcg-Transformation wird ausgeführt, Heap bei 331 MB."
"Message",High,"Das Schließen der Anwendung wird berechnet und der Interop-Code erstellt."
"Message",High,"  106 Module werden geladen..."
"Message",Normal,"          P/Invoke ""RhpGetFuncEvalParameterBufferSize"" mit [DllImport(ExactSpelling=true)] wurde in ""[MRT]!RhpGetFuncEvalParameterBufferSize"" aufgelöst."
"Message",Normal,"          P/Invoke ""RhpGetFuncEvalMode"" mit [DllImport(ExactSpelling=true)] wurde in ""[MRT]!RhpGetFuncEvalMode"" aufgelöst."
"Message",Normal,"          P/Invoke ""RhpRecordDebuggeeInitiatedHandle"" mit [DllImport(ExactSpelling=true)] wurde in ""[MRT]!RhpRecordDebuggeeInitiatedHandle"" aufgelöst."
"Message",Normal,"          P/Invoke ""RhpVerifyDebuggerCleanup"" mit [DllImport(ExactSpelling=true)] wurde in ""[MRT]!RhpVerifyDebuggerCleanup"" aufgelöst."
"Message",Normal,"          P/Invoke ""RhpGetCurrentThread"" mit [DllImport(ExactSpelling=true)] wurde in ""[MRT]!RhpGetCurrentThread"" aufgelöst."
"Message",Normal,"          P/Invoke ""RhWaitForPendingFinalizers"" mit [DllImport(ExactSpelling=true)] wurde in ""[MRT]!RhWaitForPendingFinalizers"" aufgelöst."
"Message",Normal,"          P/Invoke ""RhYield"" mit [DllImport(ExactSpelling=true)] wurde in ""[MRT]!RhYield"" aufgelöst."
"Message",Normal,"          P/Invoke ""RhFlushProcessWriteBuffers"" mit [DllImport(ExactSpelling=true)] wurde in ""[MRT]!RhFlushProcessWriteBuffers"" aufgelöst."
"Message",Normal,"          P/Invoke ""RhCompatibleReentrantWaitAny"" mit [DllImport(ExactSpelling=true)] wurde in ""[MRT]!RhCompatibleReentrantWaitAny"" aufgelöst."
"Message",Normal,"          P/Invoke ""RhCallDescrWorker"" mit [DllImport(ExactSpelling=true)] wurde in ""[MRT]!RhCallDescrWorker"" aufgelöst."
"Message",Normal,"          P/Invoke ""_ecvt_s"" mit [DllImport(ExactSpelling=true)] wurde in ""[MRT]!_ecvt_s"" aufgelöst."
"Message",Normal,"          P/Invoke ""memmove"" mit [DllImport(ExactSpelling=true)] wurde in ""[MRT]!memmove"" aufgelöst."
"Message",Normal,"          P/Invoke ""memset"" mit [DllImport(ExactSpelling=true)] wurde in ""[MRT]!memset"" aufgelöst."
"Message",Normal,"          P/Invoke ""CallingConventionConverter_GetStubs"" mit [DllImport(ExactSpelling=true)] wurde in ""*!CallingConventionConverter_GetStubs"" aufgelöst."
"Message",Normal,"          P/Invoke ""WindowsCreateStringReference"" wurde aus ""SupportedAPIs.xml"" in ""WindowsCreateStringReference!api-ms-win-core-winrt-string-l1-1-0.dll"" aufgelöst."
"Message",Normal,"          P/Invoke ""GetLastError"" wurde aus ""SupportedAPIs.xml"" in ""GetLastError!api-ms-win-core-errorhandling-l1-1-0.dll"" aufgelöst."
"Message",Normal,"          P/Invoke ""SetLastError"" wurde aus ""SupportedAPIs.xml"" in ""SetLastError!api-ms-win-core-errorhandling-l1-1-0.dll"" aufgelöst."
"Message",Normal,"          P/Invoke ""RoInitialize"" wurde aus ""SupportedAPIs.xml"" in ""RoInitialize!api-ms-win-core-winrt-l1-1-0.dll"" aufgelöst."
"Message",Normal,"          P/Invoke ""TerminateProcess"" wurde aus ""SupportedAPIs.xml"" in ""TerminateProcess!kernel32.dll"" aufgelöst."
"Message",Normal,"          P/Invoke ""IsValidLocaleName"" wurde aus ""SupportedAPIs.xml"" in ""IsValidLocaleName!api-ms-win-core-localization-l1-2-0.dll"" aufgelöst."
"Message",Normal,"          P/Invoke ""ResolveLocaleName"" wurde aus ""SupportedAPIs.xml"" in ""ResolveLocaleName!api-ms-win-core-localization-l1-2-0.dll"" aufgelöst."
"Message",Normal,"          P/Invoke ""CloseHandle"" wurde aus ""SupportedAPIs.xml"" in ""CloseHandle!kernel32.dll"" aufgelöst."
"Message",Normal,"          P/Invoke ""LookupPrivilegeValueW"" wurde aus ""SupportedAPIs.xml"" in ""LookupPrivilegeValueW!advapi32.dll"" aufgelöst."
"Message",Normal,"          P/Invoke ""GetCurrentProcess"" wurde aus ""SupportedAPIs.xml"" in ""GetCurrentProcess!kernel32.dll"" aufgelöst."
"Message",Normal,"          P/Invoke ""OpenProcessToken"" wurde aus ""SupportedAPIs.xml"" in ""OpenProcessToken!advapi32.dll"" aufgelöst."
"Message",Normal,"          P/Invoke ""AdjustTokenPrivileges"" wurde aus ""SupportedAPIs.xml"" in ""AdjustTokenPrivileges!advapi32.dll"" aufgelöst."
"Message",Normal,"          P/Invoke ""SetConsoleTitleW"" wurde aus ""SupportedAPIs.xml"" in ""SetConsoleTitleW!kernel32.dll"" aufgelöst."
"Message",Normal,"          P/Invoke ""CertDuplicateCertificateContext"" wurde aus ""SupportedAPIs.xml"" in ""CertDuplicateCertificateContext!crypt32.dll"" aufgelöst."
"Message",Normal,"          P/Invoke ""CertGetCertificateContextProperty"" wurde aus ""SupportedAPIs.xml"" in ""CertGetCertificateContextProperty!crypt32.dll"" aufgelöst."
"Message",Normal,"          P/Invoke ""DuplicateHandle"" wurde aus ""SupportedAPIs.xml"" in ""DuplicateHandle!kernel32.dll"" aufgelöst."
"Message",Normal,"          P/Invoke ""GetStdHandle"" wurde aus ""SupportedAPIs.xml"" in ""GetStdHandle!kernel32.dll"" aufgelöst."
"Message",Normal,"          P/Invoke ""CreateProcessWithLogonW"" wurde aus ""SupportedAPIs.xml"" in ""CreateProcessWithLogonW!advapi32.dll"" aufgelöst."
"Message",Normal,"          P/Invoke ""CreateProcessW"" wurde aus ""SupportedAPIs.xml"" in ""CreateProcessW!kernel32.dll"" aufgelöst."
"Message",Normal,"          P/Invoke ""GetConsoleCP"" wurde aus ""SupportedAPIs.xml"" in ""GetConsoleCP!kernel32.dll"" aufgelöst."
"Message",Normal,"          P/Invoke ""GetConsoleOutputCP"" wurde aus ""SupportedAPIs.xml"" in ""GetConsoleOutputCP!kernel32.dll"" aufgelöst."
"Message",Normal,"          P/Invoke ""GetExitCodeProcess"" wurde aus ""SupportedAPIs.xml"" in ""GetExitCodeProcess!kernel32.dll"" aufgelöst."
"Message",Normal,"          P/Invoke ""DeleteFileW"" wurde aus ""SupportedAPIs.xml"" in ""DeleteFileW!kernel32.dll"" aufgelöst."
"Message",Normal,"          P/Invoke ""GetProcessId"" wurde aus ""SupportedAPIs.xml"" in ""GetProcessId!kernel32.dll"" aufgelöst."
"Message",Normal,"          P/Invoke ""GetCPInfoExW"" wurde aus ""SupportedAPIs.xml"" in ""GetCPInfoExW!kernel32.dll"" aufgelöst."
"Message",Normal,"          P/Invoke ""GetConsoleTitleW"" wurde aus ""SupportedAPIs.xml"" in ""GetConsoleTitleW!kernel32.dll"" aufgelöst."
"Message",Normal,"          P/Invoke ""CryptQueryObject"" wurde aus ""SupportedAPIs.xml"" in ""CryptQueryObject!crypt32.dll"" aufgelöst."
"Message",Normal,"          P/Invoke ""CertDuplicateCertificateContext"" wurde aus ""SupportedAPIs.xml"" in ""CertDuplicateCertificateContext!crypt32.dll"" aufgelöst."
"Message",Normal,"          P/Invoke ""DuplicateHandle"" wurde aus ""SupportedAPIs.xml"" in ""DuplicateHandle!kernel32.dll"" aufgelöst."
"Message",Normal,"          P/Invoke ""OpenProcess"" wurde aus ""SupportedAPIs.xml"" in ""OpenProcess!kernel32.dll"" aufgelöst."
"Message",Normal,"          P/Invoke ""GetConsoleCP"" wurde aus ""SupportedAPIs.xml"" in ""GetConsoleCP!kernel32.dll"" aufgelöst."
"Message",Normal,"          P/Invoke ""GetConsoleOutputCP"" wurde aus ""SupportedAPIs.xml"" in ""GetConsoleOutputCP!kernel32.dll"" aufgelöst."
"Message",Normal,"          P/Invoke ""CertFreeCertificateContext"" wurde aus ""SupportedAPIs.xml"" in ""CertFreeCertificateContext!crypt32.dll"" aufgelöst."
"Message",Normal,"          P/Invoke ""CryptMsgGetParam"" wurde aus ""SupportedAPIs.xml"" in ""CryptMsgGetParam!crypt32.dll"" aufgelöst."
"Message",Normal,"          P/Invoke ""CryptMsgGetParam"" wurde aus ""SupportedAPIs.xml"" in ""CryptMsgGetParam!crypt32.dll"" aufgelöst."
"Message",Normal,"          P/Invoke ""PFXImportCertStore"" wurde aus ""SupportedAPIs.xml"" in ""PFXImportCertStore!crypt32.dll"" aufgelöst."
"Message",Normal,"          P/Invoke ""CryptFindOIDInfo"" wurde aus ""SupportedAPIs.xml"" in ""CryptFindOIDInfo!crypt32.dll"" aufgelöst."
"Message",Normal,"          P/Invoke ""CreatePipe"" wurde aus ""SupportedAPIs.xml"" in ""CreatePipe!kernel32.dll"" aufgelöst."
"Message",Normal,"          P/Invoke ""GetComputerNameW"" wurde aus ""SupportedAPIs.xml"" in ""GetComputerNameW!kernel32.dll"" aufgelöst."
"Message",Normal,"          P/Invoke ""CoCreateInstance"" mit [DllImport(ExactSpelling=true)] wurde in ""api-ms-win-core-com-l1-1-0.dll!CoCreateInstance"" aufgelöst."
"Message",Normal,"          P/Invoke ""GetCurrentProcessId"" wurde aus ""SupportedAPIs.xml"" in ""GetCurrentProcessId!kernel32.dll"" aufgelöst."
"Message",Normal,"          P/Invoke ""CertGetCertificateContextProperty"" wurde aus ""SupportedAPIs.xml"" in ""CertGetCertificateContextProperty!crypt32.dll"" aufgelöst."
"Message",Normal,"          P/Invoke ""CertCloseStore"" wurde aus ""SupportedAPIs.xml"" in ""CertCloseStore!crypt32.dll"" aufgelöst."
"Message",Normal,"          P/Invoke ""CryptMsgClose"" wurde aus ""SupportedAPIs.xml"" in ""CryptMsgClose!crypt32.dll"" aufgelöst."
"Message",Normal,"          P/Invoke ""CertFindCertificateInStore"" wurde aus ""SupportedAPIs.xml"" in ""CertFindCertificateInStore!crypt32.dll"" aufgelöst."
"Message",Normal,"          P/Invoke ""CryptAcquireContextW"" wurde aus ""SupportedAPIs.xml"" in ""CryptAcquireContextW!advapi32.dll"" aufgelöst."
"Message",Normal,"          P/Invoke ""CertEnumCertificatesInStore"" wurde aus ""SupportedAPIs.xml"" in ""CertEnumCertificatesInStore!crypt32.dll"" aufgelöst."
"Message",Normal,"          P/Invoke ""WSAGetOverlappedResult"" wurde aus ""SupportedAPIs.xml"" in ""WSAGetOverlappedResult!ws2_32.dll"" aufgelöst."
"Message",Normal,"          P/Invoke ""SysFreeString"" wurde aus ""SupportedAPIs.xml"" in ""SysFreeString!OleAut32"" aufgelöst."
"Message",Normal,"          P/Invoke ""CertGetNameStringW"" wurde aus ""SupportedAPIs.xml"" in ""CertGetNameStringW!crypt32.dll"" aufgelöst."
"Message",Normal,"          P/Invoke ""FormatMessageW"" wurde aus ""SupportedAPIs.xml"" in ""FormatMessageW!kernel32.dll"" aufgelöst."
"Message",Normal,"          P/Invoke ""FormatMessageW"" wurde aus ""SupportedAPIs.xml"" in ""FormatMessageW!kernel32.dll"" aufgelöst."
"Message",Normal,"          P/Invoke ""FormatMessageW"" wurde aus ""SupportedAPIs.xml"" in ""FormatMessageW!kernel32.dll"" aufgelöst."
"Message",Normal,"          P/Invoke ""CertGetNameStringW"" wurde aus ""SupportedAPIs.xml"" in ""CertGetNameStringW!crypt32.dll"" aufgelöst."
"Message",Normal,"          P/Invoke ""WideCharToMultiByte"" wurde aus ""SupportedAPIs.xml"" in ""WideCharToMultiByte!kernel32.dll"" aufgelöst."
"Message",Normal,"          P/Invoke ""MultiByteToWideChar"" wurde aus ""SupportedAPIs.xml"" in ""MultiByteToWideChar!kernel32.dll"" aufgelöst."
"Message",Normal,"          P/Invoke ""WideCharToMultiByte"" wurde aus ""SupportedAPIs.xml"" in ""WideCharToMultiByte!kernel32.dll"" aufgelöst."
"Message",Normal,"          P/Invoke ""MultiByteToWideChar"" wurde aus ""SupportedAPIs.xml"" in ""MultiByteToWideChar!kernel32.dll"" aufgelöst."
"Message",Normal,"          P/Invoke ""FormatMessageW"" wurde aus ""SupportedAPIs.xml"" in ""FormatMessageW!kernel32.dll"" aufgelöst."
"Message",Normal,"          P/Invoke ""NCryptOpenKey"" wurde aus ""SupportedAPIs.xml"" in ""NCryptOpenKey!ncrypt.dll"" aufgelöst."
"Message",Normal,"          P/Invoke ""CryptGetKeyParam"" wurde aus ""SupportedAPIs.xml"" in ""CryptGetKeyParam!advapi32.dll"" aufgelöst."
"Message",Normal,"          P/Invoke ""setsockopt"" wurde aus ""SupportedAPIs.xml"" in ""setsockopt!ws2_32.dll"" aufgelöst."
"Message",Normal,"          P/Invoke ""setsockopt"" wurde aus ""SupportedAPIs.xml"" in ""setsockopt!ws2_32.dll"" aufgelöst."
"Message",Normal,"          P/Invoke ""CryptFindOIDInfo"" wurde aus ""SupportedAPIs.xml"" in ""CryptFindOIDInfo!crypt32.dll"" aufgelöst."
"Message",Normal,"          P/Invoke ""NCryptDeleteKey"" wurde aus ""SupportedAPIs.xml"" in ""NCryptDeleteKey!ncrypt.dll"" aufgelöst."
"Message",Normal,"          P/Invoke ""GetCPInfoExW"" wurde aus ""SupportedAPIs.xml"" in ""GetCPInfoExW!kernel32.dll"" aufgelöst."
"Message",Normal,"          P/Invoke ""GetCPInfoExW"" wurde aus ""SupportedAPIs.xml"" in ""GetCPInfoExW!kernel32.dll"" aufgelöst."
"Message",Normal,"          P/Invoke ""NCryptOpenStorageProvider"" wurde aus ""SupportedAPIs.xml"" in ""NCryptOpenStorageProvider!ncrypt.dll"" aufgelöst."
"Message",Normal,"          P/Invoke ""K32EnumProcesses"" wurde aus ""SupportedAPIs.xml"" in ""K32EnumProcesses!kernel32.dll"" aufgelöst."
"Message",Normal,"          P/Invoke ""CertGetCertificateChain"" wurde aus ""SupportedAPIs.xml"" in ""CertGetCertificateChain!crypt32.dll"" aufgelöst."
"Message",Normal,"          P/Invoke ""CryptGetDefaultProviderW"" wurde aus ""SupportedAPIs.xml"" in ""CryptGetDefaultProviderW!advapi32.dll"" aufgelöst."
"Message",Normal,"          P/Invoke ""CryptAcquireContextW"" wurde aus ""SupportedAPIs.xml"" in ""CryptAcquireContextW!advapi32.dll"" aufgelöst."
"Message",Normal,"          P/Invoke ""CryptGetUserKey"" wurde aus ""SupportedAPIs.xml"" in ""CryptGetUserKey!advapi32.dll"" aufgelöst."
"Message",Normal,"          P/Invoke ""CertVerifyCertificateChainPolicy"" wurde aus ""SupportedAPIs.xml"" in ""CertVerifyCertificateChainPolicy!crypt32.dll"" aufgelöst."
"Message",Normal,"          P/Invoke ""CertNameToStrW"" wurde aus ""SupportedAPIs.xml"" in ""CertNameToStrW!crypt32.dll"" aufgelöst."
"Message",Normal,"          P/Invoke ""CryptFormatObject"" wurde aus ""SupportedAPIs.xml"" in ""CryptFormatObject!crypt32.dll"" aufgelöst."
"Message",Normal,"          P/Invoke ""SetThreadErrorMode"" wurde aus ""SupportedAPIs.xml"" in ""SetThreadErrorMode!kernel32.dll"" aufgelöst."
"Message",Normal,"          P/Invoke ""GetFileAttributesExW"" wurde aus ""SupportedAPIs.xml"" in ""GetFileAttributesExW!kernel32.dll"" aufgelöst."
"Message",Normal,"          P/Invoke ""FindFirstFileExW"" wurde aus ""SupportedAPIs.xml"" in ""FindFirstFileExW!kernel32.dll"" aufgelöst."
"Message",Normal,"          P/Invoke ""CertAddCertificateLinkToStore"" wurde aus ""SupportedAPIs.xml"" in ""CertAddCertificateLinkToStore!crypt32.dll"" aufgelöst."
"Message",Normal,"          P/Invoke ""CryptGetProvParam"" wurde aus ""SupportedAPIs.xml"" in ""CryptGetProvParam!advapi32.dll"" aufgelöst."
"Message",Normal,"          P/Invoke ""CryptDestroyKey"" wurde aus ""SupportedAPIs.xml"" in ""CryptDestroyKey!advapi32.dll"" aufgelöst."
"Message",Normal,"          P/Invoke ""CryptFormatObject"" wurde aus ""SupportedAPIs.xml"" in ""CryptFormatObject!crypt32.dll"" aufgelöst."
"Message",Normal,"          P/Invoke ""GetNetworkParams"" wurde aus ""SupportedAPIs.xml"" in ""GetNetworkParams!iphlpapi.dll"" aufgelöst."
"Message",Normal,"          P/Invoke ""LocalAlloc"" wurde aus ""SupportedAPIs.xml"" in ""LocalAlloc!kernel32.dll"" aufgelöst."
"Message",Normal,"          P/Invoke ""CertOpenStore"" wurde aus ""SupportedAPIs.xml"" in ""CertOpenStore!crypt32.dll"" aufgelöst."
"Message",Normal,"          P/Invoke ""CryptImportPublicKeyInfoEx2"" wurde aus ""SupportedAPIs.xml"" in ""CryptImportPublicKeyInfoEx2!crypt32.dll"" aufgelöst."
"Message",Normal,"          P/Invoke ""BCryptExportKey"" wurde aus ""SupportedAPIs.xml"" in ""BCryptExportKey!BCrypt.dll"" aufgelöst."
"Message",Normal,"          P/Invoke ""CryptDecodeObject"" wurde aus ""SupportedAPIs.xml"" in ""CryptDecodeObject!crypt32.dll"" aufgelöst."
"Message",Normal,"          P/Invoke ""CertFreeCertificateChain"" wurde aus ""SupportedAPIs.xml"" in ""CertFreeCertificateChain!crypt32.dll"" aufgelöst."
"Message",Normal,"          P/Invoke ""CryptReleaseContext"" wurde aus ""SupportedAPIs.xml"" in ""CryptReleaseContext!advapi32.dll"" aufgelöst."
"Message",Normal,"          P/Invoke ""NCryptFreeObject"" wurde aus ""SupportedAPIs.xml"" in ""NCryptFreeObject!ncrypt.dll"" aufgelöst."
"Message",Normal,"          P/Invoke ""FindClose"" wurde aus ""SupportedAPIs.xml"" in ""FindClose!kernel32.dll"" aufgelöst."
"Message",Normal,"          P/Invoke ""LocalFree"" wurde aus ""SupportedAPIs.xml"" in ""LocalFree!kernel32.dll"" aufgelöst."
"Message",Normal,"          P/Invoke ""CertControlStore"" wurde aus ""SupportedAPIs.xml"" in ""CertControlStore!crypt32.dll"" aufgelöst."
"Message",Normal,"          P/Invoke ""FormatMessageW"" wurde aus ""SupportedAPIs.xml"" in ""FormatMessageW!kernel32.dll"" aufgelöst."
"Message",Normal,"          P/Invoke ""BCryptGetProperty"" wurde aus ""SupportedAPIs.xml"" in ""BCryptGetProperty!BCrypt.dll"" aufgelöst."
"Message",Normal,"          P/Invoke ""NCryptImportKey"" wurde aus ""SupportedAPIs.xml"" in ""NCryptImportKey!ncrypt.dll"" aufgelöst."
"Message",Normal,"          P/Invoke ""NCryptGetProperty"" wurde aus ""SupportedAPIs.xml"" in ""NCryptGetProperty!ncrypt.dll"" aufgelöst."
"Message",Normal,"          P/Invoke ""CryptImportKey"" wurde aus ""SupportedAPIs.xml"" in ""CryptImportKey!advapi32.dll"" aufgelöst."
"Message",Normal,"          P/Invoke ""CryptSetProvParam"" wurde aus ""SupportedAPIs.xml"" in ""CryptSetProvParam!advapi32.dll"" aufgelöst."
"Message",Normal,"          P/Invoke ""BCryptGenRandom"" wurde aus ""SupportedAPIs.xml"" in ""BCryptGenRandom!BCrypt.dll"" aufgelöst."
"Message",Normal,"          P/Invoke ""RoGetBufferMarshaler"" wurde aus ""SupportedAPIs.xml"" in ""RoGetBufferMarshaler!api-ms-win-core-winrt-robuffer-l1-1-0.dll"" aufgelöst."
"Message",Normal,"          P/Invoke ""BCryptDestroyKey"" wurde aus ""SupportedAPIs.xml"" in ""BCryptDestroyKey!BCrypt.dll"" aufgelöst."
"Message",Normal,"          P/Invoke ""FormatMessageW"" wurde aus ""SupportedAPIs.xml"" in ""FormatMessageW!kernel32.dll"" aufgelöst."
"Message",Normal,"          P/Invoke ""NCryptSetProperty"" wurde aus ""SupportedAPIs.xml"" in ""NCryptSetProperty!ncrypt.dll"" aufgelöst."
"Message",Normal,"          P/Invoke ""CryptDecodeObject"" wurde aus ""SupportedAPIs.xml"" in ""CryptDecodeObject!crypt32.dll"" aufgelöst."
"Message",Normal,"          P/Invoke ""CryptSetProvParam"" wurde aus ""SupportedAPIs.xml"" in ""CryptSetProvParam!advapi32.dll"" aufgelöst."
"Message",Normal,"          P/Invoke ""CertFindExtension"" wurde aus ""SupportedAPIs.xml"" in ""CertFindExtension!crypt32.dll"" aufgelöst."
"Message",Normal,"          P/Invoke ""CertGetValidUsages"" wurde aus ""SupportedAPIs.xml"" in ""CertGetValidUsages!crypt32.dll"" aufgelöst."
"Message",Normal,"          P/Invoke ""CertGetIntendedKeyUsage"" wurde aus ""SupportedAPIs.xml"" in ""CertGetIntendedKeyUsage!crypt32.dll"" aufgelöst."
"Message",Normal,"          P/Invoke ""CryptFindOIDInfo"" wurde aus ""SupportedAPIs.xml"" in ""CryptFindOIDInfo!crypt32.dll"" aufgelöst."
"Message",Normal,"          P/Invoke ""CryptGenKey"" wurde aus ""SupportedAPIs.xml"" in ""CryptGenKey!advapi32.dll"" aufgelöst."
"Message",Normal,"          P/Invoke ""CertVerifyTimeValidity"" wurde aus ""SupportedAPIs.xml"" in ""CertVerifyTimeValidity!crypt32.dll"" aufgelöst."
"Message",Normal,"          P/Invoke ""BCryptCreateHash"" wurde aus ""SupportedAPIs.xml"" in ""BCryptCreateHash!BCrypt.dll"" aufgelöst."
"Message",Normal,"          P/Invoke ""BCryptGetProperty"" wurde aus ""SupportedAPIs.xml"" in ""BCryptGetProperty!BCrypt.dll"" aufgelöst."
"Message",Normal,"          P/Invoke ""FormatMessageW"" wurde aus ""SupportedAPIs.xml"" in ""FormatMessageW!kernel32.dll"" aufgelöst."
"Message",Normal,"          P/Invoke ""BCryptOpenAlgorithmProvider"" wurde aus ""SupportedAPIs.xml"" in ""BCryptOpenAlgorithmProvider!BCrypt.dll"" aufgelöst."
"Message",Normal,"          P/Invoke ""getsockname"" wurde aus ""SupportedAPIs.xml"" in ""getsockname!ws2_32.dll"" aufgelöst."
"Message",Normal,"          P/Invoke ""getpeername"" wurde aus ""SupportedAPIs.xml"" in ""getpeername!ws2_32.dll"" aufgelöst."
"Message",Normal,"          P/Invoke ""BCryptCloseAlgorithmProvider"" wurde aus ""SupportedAPIs.xml"" in ""BCryptCloseAlgorithmProvider!BCrypt.dll"" aufgelöst."
"Message",Normal,"          P/Invoke ""BCryptDestroyHash"" wurde aus ""SupportedAPIs.xml"" in ""BCryptDestroyHash!BCrypt.dll"" aufgelöst."
"Message",Normal,"          P/Invoke ""WSAStartup"" wurde aus ""SupportedAPIs.xml"" in ""WSAStartup!ws2_32.dll"" aufgelöst."
"Message",Normal,"          P/Invoke ""select"" wurde aus ""SupportedAPIs.xml"" in ""select!ws2_32.dll"" aufgelöst."
"Message",Normal,"          P/Invoke ""select"" wurde aus ""SupportedAPIs.xml"" in ""select!ws2_32.dll"" aufgelöst."
"Message",Normal,"          P/Invoke ""ioctlsocket"" wurde aus ""SupportedAPIs.xml"" in ""ioctlsocket!ws2_32.dll"" aufgelöst."
"Message",Normal,"          P/Invoke ""shutdown"" wurde aus ""SupportedAPIs.xml"" in ""shutdown!ws2_32.dll"" aufgelöst."
"Message",Normal,"          P/Invoke ""setsockopt"" wurde aus ""SupportedAPIs.xml"" in ""setsockopt!ws2_32.dll"" aufgelöst."
"Message",Normal,"          P/Invoke ""recv"" wurde aus ""SupportedAPIs.xml"" in ""recv!ws2_32.dll"" aufgelöst."
"Message",Normal,"          P/Invoke ""WSAIoctl"" wurde aus ""SupportedAPIs.xml"" in ""WSAIoctl!ws2_32.dll"" aufgelöst."
"Message",Normal,"          P/Invoke ""RevertToSelf"" wurde aus ""SupportedAPIs.xml"" in ""RevertToSelf!advapi32.dll"" aufgelöst."
"Message",Normal,"          P/Invoke ""ImpersonateLoggedOnUser"" wurde aus ""SupportedAPIs.xml"" in ""ImpersonateLoggedOnUser!advapi32.dll"" aufgelöst."
"Message",Normal,"          P/Invoke ""GetAddrInfoW"" wurde aus ""SupportedAPIs.xml"" in ""GetAddrInfoW!ws2_32.dll"" aufgelöst."
"Message",Normal,"          P/Invoke ""WSASocketW"" wurde aus ""SupportedAPIs.xml"" in ""WSASocketW!ws2_32.dll"" aufgelöst."
"Message",Normal,"          P/Invoke ""closesocket"" wurde aus ""SupportedAPIs.xml"" in ""closesocket!ws2_32.dll"" aufgelöst."
"Message",Normal,"          P/Invoke ""WSASocketW"" wurde aus ""SupportedAPIs.xml"" in ""WSASocketW!ws2_32.dll"" aufgelöst."
"Message",Normal,"          P/Invoke ""WSAConnect"" wurde aus ""SupportedAPIs.xml"" in ""WSAConnect!ws2_32.dll"" aufgelöst."
"Message",Normal,"          P/Invoke ""listen"" wurde aus ""SupportedAPIs.xml"" in ""listen!ws2_32.dll"" aufgelöst."
"Message",Normal,"          P/Invoke ""GetCurrentThread"" wurde aus ""SupportedAPIs.xml"" in ""GetCurrentThread!kernel32.dll"" aufgelöst."
"Message",Normal,"          P/Invoke ""OpenThreadToken"" wurde aus ""SupportedAPIs.xml"" in ""OpenThreadToken!advapi32.dll"" aufgelöst."
"Message",Normal,"          P/Invoke ""GetCurrentProcess"" wurde aus ""SupportedAPIs.xml"" in ""GetCurrentProcess!kernel32.dll"" aufgelöst."
"Message",Normal,"          P/Invoke ""OpenProcessToken"" wurde aus ""SupportedAPIs.xml"" in ""OpenProcessToken!advapi32.dll"" aufgelöst."
"Message",Normal,"          P/Invoke ""bind"" wurde aus ""SupportedAPIs.xml"" in ""bind!ws2_32.dll"" aufgelöst."
"Message",Normal,"          P/Invoke ""getsockopt"" wurde aus ""SupportedAPIs.xml"" in ""getsockopt!ws2_32.dll"" aufgelöst."
"Message",Normal,"          P/Invoke ""send"" wurde aus ""SupportedAPIs.xml"" in ""send!ws2_32.dll"" aufgelöst."
"Message",Normal,"          P/Invoke ""CloseHandle"" wurde aus ""SupportedAPIs.xml"" in ""CloseHandle!kernel32.dll"" aufgelöst."
"Message",Normal,"          P/Invoke ""freeaddrinfo"" wurde aus ""SupportedAPIs.xml"" in ""freeaddrinfo!ws2_32.dll"" aufgelöst."
"Message",Normal,"          P/Invoke ""FreeAddrInfoEx"" mit [DllImport(ExactSpelling=true)] wurde in ""ws2_32.dll!FreeAddrInfoEx"" aufgelöst."
"Message",Normal,"          P/Invoke ""WSASocketW"" wurde aus ""SupportedAPIs.xml"" in ""WSASocketW!ws2_32.dll"" aufgelöst."
"Message",Normal,"          P/Invoke ""closesocket"" wurde aus ""SupportedAPIs.xml"" in ""closesocket!ws2_32.dll"" aufgelöst."
"Message",Normal,"          P/Invoke ""gethostname"" wurde aus ""SupportedAPIs.xml"" in ""gethostname!ws2_32.dll"" aufgelöst."
"Message",Normal,"          P/Invoke ""getsockopt"" wurde aus ""SupportedAPIs.xml"" in ""getsockopt!ws2_32.dll"" aufgelöst."
"Message",Normal,"          P/Invoke ""getsockopt"" wurde aus ""SupportedAPIs.xml"" in ""getsockopt!ws2_32.dll"" aufgelöst."
"Message",Normal,"          P/Invoke ""getsockopt"" wurde aus ""SupportedAPIs.xml"" in ""getsockopt!ws2_32.dll"" aufgelöst."
"Message",Normal,"          P/Invoke ""ioctlsocket"" wurde aus ""SupportedAPIs.xml"" in ""ioctlsocket!ws2_32.dll"" aufgelöst."
"Message",Normal,"          P/Invoke ""setsockopt"" wurde aus ""SupportedAPIs.xml"" in ""setsockopt!ws2_32.dll"" aufgelöst."
"Message",Normal,"          P/Invoke ""LsaGetLogonSessionData"" wurde aus ""SupportedAPIs.xml"" in ""LsaGetLogonSessionData!sspicli.dll"" aufgelöst."
"Message",Normal,"          P/Invoke ""LsaNtStatusToWinError"" wurde aus ""SupportedAPIs.xml"" in ""LsaNtStatusToWinError!advapi32.dll"" aufgelöst."
"Message",Normal,"          P/Invoke ""DuplicateTokenEx"" wurde aus ""SupportedAPIs.xml"" in ""DuplicateTokenEx!advapi32.dll"" aufgelöst."
"Message",Normal,"          P/Invoke ""CheckTokenMembershipEx"" wurde aus ""SupportedAPIs.xml"" in ""CheckTokenMembershipEx!kernel32.dll"" aufgelöst."
"Message",Normal,"          P/Invoke ""LsaFreeReturnBuffer"" wurde aus ""SupportedAPIs.xml"" in ""LsaFreeReturnBuffer!sspicli.dll"" aufgelöst."
"Message",Normal,"          P/Invoke ""accept"" wurde aus ""SupportedAPIs.xml"" in ""accept!ws2_32.dll"" aufgelöst."
"Message",Normal,"          P/Invoke ""GetAddrInfoExW"" wurde aus ""SupportedAPIs.xml"" in ""GetAddrInfoExW!ws2_32.dll"" aufgelöst."
"Message",Normal,"          P/Invoke ""WSARecv"" wurde aus ""SupportedAPIs.xml"" in ""WSARecv!ws2_32.dll"" aufgelöst."
"Message",Normal,"          P/Invoke ""WSASend"" wurde aus ""SupportedAPIs.xml"" in ""WSASend!ws2_32.dll"" aufgelöst."
"Message",Normal,"          P/Invoke ""GetTokenInformation"" wurde aus ""SupportedAPIs.xml"" in ""GetTokenInformation!advapi32.dll"" aufgelöst."
"Message",Normal,"          P/Invoke ""LocalAlloc"" wurde aus ""SupportedAPIs.xml"" in ""LocalAlloc!kernel32.dll"" aufgelöst."
"Message",Normal,"          P/Invoke ""LocalFree"" wurde aus ""SupportedAPIs.xml"" in ""LocalFree!kernel32.dll"" aufgelöst."
"Message",Normal,"          P/Invoke ""GetNameInfoW"" wurde aus ""SupportedAPIs.xml"" in ""GetNameInfoW!ws2_32.dll"" aufgelöst."
"Message",Normal,"          P/Invoke ""GetTokenInformation"" wurde aus ""SupportedAPIs.xml"" in ""GetTokenInformation!advapi32.dll"" aufgelöst."
"Message",Normal,"          P/Invoke ""DuplicateHandle"" wurde aus ""SupportedAPIs.xml"" in ""DuplicateHandle!kernel32.dll"" aufgelöst."
"Message",Normal,"          P/Invoke ""CertVerifyCertificateChainPolicy"" wurde aus ""SupportedAPIs.xml"" in ""CertVerifyCertificateChainPolicy!crypt32.dll"" aufgelöst."
"Message",Normal,"          P/Invoke ""LsaLookupSids"" wurde aus ""SupportedAPIs.xml"" in ""LsaLookupSids!advapi32.dll"" aufgelöst."
"Message",Normal,"          P/Invoke ""LsaLookupNames2"" wurde aus ""SupportedAPIs.xml"" in ""LsaLookupNames2!advapi32.dll"" aufgelöst."
"Message",Normal,"          P/Invoke ""CertEnumCertificatesInStore"" wurde aus ""SupportedAPIs.xml"" in ""CertEnumCertificatesInStore!crypt32.dll"" aufgelöst."
"Message",Normal,"          P/Invoke ""SetFileCompletionNotificationModes"" wurde aus ""SupportedAPIs.xml"" in ""SetFileCompletionNotificationModes!kernel32.dll"" aufgelöst."
"Message",Normal,"          P/Invoke ""LsaOpenPolicy"" wurde aus ""SupportedAPIs.xml"" in ""LsaOpenPolicy!advapi32.dll"" aufgelöst."
"Message",Normal,"          P/Invoke ""LsaClose"" wurde aus ""SupportedAPIs.xml"" in ""LsaClose!advapi32.dll"" aufgelöst."
"Message",Normal,"          P/Invoke ""LsaFreeMemory"" wurde aus ""SupportedAPIs.xml"" in ""LsaFreeMemory!advapi32.dll"" aufgelöst."
"Message",Normal,"          P/Invoke ""CertFreeCertificateContext"" wurde aus ""SupportedAPIs.xml"" in ""CertFreeCertificateContext!crypt32.dll"" aufgelöst."
"Message",Normal,"          P/Invoke ""EncryptMessage"" wurde aus ""SupportedAPIs.xml"" in ""EncryptMessage!sspicli.dll"" aufgelöst."
"Message",Normal,"          P/Invoke ""DecryptMessage"" wurde aus ""SupportedAPIs.xml"" in ""DecryptMessage!sspicli.dll"" aufgelöst."
"Message",Normal,"          P/Invoke ""EnumerateSecurityPackagesW"" wurde aus ""SupportedAPIs.xml"" in ""EnumerateSecurityPackagesW!sspicli.dll"" aufgelöst."
"Message",Normal,"          P/Invoke ""QueryContextAttributesW"" wurde aus ""SupportedAPIs.xml"" in ""QueryContextAttributesW!sspicli.dll"" aufgelöst."
"Message",Normal,"          P/Invoke ""ApplyControlToken"" wurde aus ""SupportedAPIs.xml"" in ""ApplyControlToken!sspicli.dll"" aufgelöst."
"Message",Normal,"          P/Invoke ""FreeContextBuffer"" wurde aus ""SupportedAPIs.xml"" in ""FreeContextBuffer!sspicli.dll"" aufgelöst."
"Message",Normal,"          P/Invoke ""AcceptSecurityContext"" wurde aus ""SupportedAPIs.xml"" in ""AcceptSecurityContext!sspicli.dll"" aufgelöst."
"Message",Normal,"          P/Invoke ""DeleteSecurityContext"" wurde aus ""SupportedAPIs.xml"" in ""DeleteSecurityContext!sspicli.dll"" aufgelöst."
"Message",Normal,"          P/Invoke ""InitializeSecurityContextW"" wurde aus ""SupportedAPIs.xml"" in ""InitializeSecurityContextW!sspicli.dll"" aufgelöst."
"Message",Normal,"          P/Invoke ""AcquireCredentialsHandleW"" wurde aus ""SupportedAPIs.xml"" in ""AcquireCredentialsHandleW!sspicli.dll"" aufgelöst."
"Message",Normal,"          P/Invoke ""FreeCredentialsHandle"" wurde aus ""SupportedAPIs.xml"" in ""FreeCredentialsHandle!sspicli.dll"" aufgelöst."
"Message",High,"  Code wird generiert..."
"Message",High,"  Interop-Code generiert."
"Message",Normal,"  Code in AssemblyInfo.g.cs geschrieben."
"Message",Normal,"  Code in Adapters.g.cs geschrieben."
"Message",Normal,"  Code in Data.g.cs geschrieben."
"Message",Normal,"  Code in Helpers.g.cs geschrieben."
"Message",Normal,"  Code in ImplTypes.g.cs geschrieben."
"Message",Normal,"  Code in PInvoke.g.cs geschrieben."
"Message",Normal,"  Code in SafeTypes.g.cs geschrieben."
"Message",Normal,"  Code in SharedStubs.g.cs geschrieben."
"Message",Normal,"Die GenerateCodeAndCompile-Transformation wird ausgeführt, Heap bei 361 MB."
"Message",High,"Der Interop-Code wird kompiliert."
"Message",Normal,"Bei der Kompilierung generierter Quellcode: C:\Program Files (x86)\Microsoft SDKs\UWPNuGetPackages\microsoft.net.native.compiler\2.2.1\tools\csc\csc.exe /noconfig @""C:\Users\mariu\Desktop\projs\Spotitube\Spotitube\obj\x86\Release\ilc\intermediate\SpotiTube.McgInterop.rsp"""
"Message",High,"Der System.Reflection.DispatchProxy-Proxycode wird generiert."
"Message",Normal,"Die ReducedCopyInitialize-Transformation wird ausgeführt, Heap bei 361 MB."
"Message",Normal,"Die ReducedCopyEmptyTypes-Transformation wird ausgeführt, Heap bei 383 MB."
"Message",Normal,"Die ReducedCopyPopulateTypes-Transformation wird ausgeführt, Heap bei 388 MB."
"Message",Normal,"Die ReducedCopyLateMetadata-Transformation wird ausgeführt, Heap bei 316 MB."
"Message",Normal,"Die ReducedCopyPassResourcesToMutableAssembly-Transformation wird ausgeführt, Heap bei 342 MB."
"Message",Normal,"Die ReducedCopyMethodBodies-Transformation wird ausgeführt, Heap bei 343 MB."
"Message",Normal,"Die ReducedCopyComplete-Transformation wird ausgeführt, Heap bei 401 MB."
"Message",Normal,"Die ReducedCopyCleanup-Transformation wird ausgeführt, Heap bei 408 MB."
"Message",Normal,"Die DeveloperExperienceModeOnlyCodeRemover-Transformation wird ausgeführt, Heap bei 110 MB."
"Message",Normal,"Die ComImportDetector-Transformation wird ausgeführt, Heap bei 110 MB."
"Message",Normal,"Die McgAccessor-Transformation wird ausgeführt, Heap bei 110 MB."
"Message",Normal,"Die McgRedirect-Transformation wird ausgeführt, Heap bei 111 MB."
"Message",Normal,"Die McgRedirect-Transformation wird ausgeführt, Heap bei 118 MB."
"Message",Normal,"Die McgTypeOf-Transformation wird ausgeführt, Heap bei 119 MB."
"Message",Normal,"Die EventSource-Transformation wird ausgeführt, Heap bei 130 MB."
"Message",Normal,"Die ValueType-Transformation wird ausgeführt, Heap bei 130 MB."
"Message",Normal,"Die Attribute-Transformation wird ausgeführt, Heap bei 130 MB."
"Message",Normal,"Die GetType-Transformation wird ausgeführt, Heap bei 131 MB."
"Message",Normal,"Die McgFixups-Transformation wird ausgeführt, Heap bei 133 MB."
"Message",Normal,"Die ResourceManagerCtor-Transformation wird ausgeführt, Heap bei 134 MB."
"Message",Normal,"Die TypeofTypeHandle-Transformation wird ausgeführt, Heap bei 134 MB."
"Message",Normal,"Die DispatchProxyIntrinsics-Transformation wird ausgeführt, Heap bei 140 MB."
"Message",Normal,"Die StaticInitData-Transformation wird ausgeführt, Heap bei 141 MB."
"Message",Normal,"Die Delegate-Transformation wird ausgeführt, Heap bei 154 MB."
"Message",Normal,"Die LazyGenerics-Transformation wird ausgeführt, Heap bei 157 MB."
"Message",Normal,"Die AddReflectionBlockedAttributes-Transformation wird ausgeführt, Heap bei 190 MB."
"Message",Normal,"Die DisableOptimization-Transformation wird ausgeführt, Heap bei 190 MB."
"Message",Normal,"Die ResourceExtractor-Transformation wird ausgeführt, Heap bei 190 MB."
"Message",Normal,"Die CreateMetadata-Transformation wird ausgeführt, Heap bei 191 MB."
"Message",Normal,"Die StartupCodeInjector-Transformation wird ausgeführt, Heap bei 167 MB."
"Message",Normal,"Die SaveRVAStatics-Transformation wird ausgeführt, Heap bei 167 MB."
"Message",Normal,"Die ReflectionInvoke-Transformation wird ausgeführt, Heap bei 169 MB."
"Message",Normal,"Die ScrubOpenCalls-Transformation wird ausgeführt, Heap bei 172 MB."
"Message",Normal,"Die ConvertCatchIntoFilter-Transformation wird ausgeführt, Heap bei 172 MB."
"Message",Normal,"Die ReflectionMappingInfoEmit-Transformation wird ausgeführt, Heap bei 172 MB."
"Message",Normal,"Die ReflectionIntrinsics-Transformation wird ausgeführt, Heap bei 176 MB."
"Message",Normal,"Die ConvertManagedWinMD-Transformation wird ausgeführt, Heap bei 177 MB."
"Message",Normal,"Die DebuggerGuidedStepThroughJmc-Transformation wird ausgeführt, Heap bei 177 MB."
"Message",Normal,"Die Reducer-Transformation wird ausgeführt, Heap bei 181 MB."
"Message",High,"Code ohne Verweise wird bereinigt."
"Message",Normal,"Die WriteAssemblies-Transformation wird ausgeführt, Heap bei 268 MB."
"Message",Normal,""
"Message",Normal,"Transformationszusammenfassung"
"Message",Normal,"    ms | Heap-Delta | Name"
"Message",Normal," 21952 |        257 | Analysis"
"Message",Normal,"  5287 |         18 | WriteAssemblies"
"Message",Normal,"  4136 |         87 | Reducer"
"Message",Normal,"  3418 |          0 | GenerateCodeAndCompile"
"Message",Normal,"  2986 |         30 | Mcg"
"Message",Normal,"  1027 |          7 | ReducedCopyComplete"
"Message",Normal,"   861 |        -24 | CreateMetadata"
"Message",Normal,"   658 |        -72 | ReducedCopyPopulateTypes"
"Message",Normal,"   646 |         58 | ReducedCopyMethodBodies"
"Message",Normal,"   580 |          1 | ResourceExtractor"
"Message",Normal,"   523 |         22 | ReducedCopyInitialize"
"Message",Normal,"   302 |          7 | McgRedirect"
"Message",Normal,"   299 |         33 | LazyGenerics"
"Message",Normal,"   276 |         11 | McgTypeOf"
"Message",Normal,"   254 |       -298 | ReducedCopyCleanup"
"Message",Normal,"   253 |         14 | DumpNativeResources"
"Message",Normal,"   247 |         26 | ReducedCopyLateMetadata"
"Message",Normal,"   150 |          1 | McgRedirect"
"Message",Normal,"   101 |         13 | StaticInitData"
"Message",Normal,"    99 |          6 | TypeofTypeHandle"
"Message",Normal,"    48 |          2 | SaveRVAStatics"
"Message",Normal,"    42 |          5 | ReducedCopyEmptyTypes"
"Message",Normal,"    38 |          2 | GetType"
"Message",Normal,"    27 |          4 | DebuggerGuidedStepThroughJmc"
"Message",Normal,"    25 |          0 | ScrubOpenCalls"
"Message",Normal,"    23 |          3 | ReflectionInvoke"
"Message",Normal,"    22 |          1 | DispatchProxyIntrinsics"
"Message",Normal,"    19 |          1 | ReflectionIntrinsics"
"Message",Normal,"    19 |          1 | McgAccessor"
"Message",Normal,"    12 |          4 | ReflectionMappingInfoEmit"
"Message",Normal,"    12 |          1 | McgFixups"
"Message",Normal,"    11 |          3 | Delegate"
"Message",Normal,"     8 |          1 | Attribute"
"Message",Normal,"     7 |          0 | ConvertCatchIntoFilter"
"Message",Normal,"     6 |          0 | EventSource"
"Message",Normal,"     4 |          0 | AddReflectionBlockedAttributes"
"Message",Normal,"     3 |          1 | ReducedCopyPassResourcesToMutableAssembly"
"Message",Normal,"     3 |          0 | ValueType"
"Message",Normal,"     1 |          0 | DeveloperExperienceModeOnlyCodeRemover"
"Message",Normal,"     0 |          0 | ConvertManagedWinMD"
"Message",Normal,"     0 |          0 | StartupCodeInjector"
"Message",Normal,"     0 |          0 | DisableOptimization"
"Message",Normal,"     0 |          0 | ComImportDetector"
"Message",Normal,"     0 |          0 | ResourceManagerCtor"
"Message",Low,"Die Ausführung von Task ""RunILTransforms"" wurde beendet."
"Message",Low,"Die Erstellung des Ziels ""RunILTransforms"" in der Datei ""ILTransforms"" ist abgeschlossen."
"Message",Low,"Die Erstellung des Projekts ""ILTransforms"" ist abgeschlossen."
"Message",Low,""
"Message",Low,""
"Message",Low,"Die Erstellung des Ziels ""GenerateMDIL"" in der Datei ""Nutc"" ist abgeschlossen."
"Message",Low,""
"Message",High,"Nativer Code wird generiert."
"Message",Low,"Die Erstellung des Ziels ""MDILPrepareMultiFile"" in der Datei ""Nutc"" ist abgeschlossen."
"Message",Low,""
"Message",Low,"Die Erstellung des Ziels ""SetBinaryForReferences"" in der Datei ""Nutc"" ist abgeschlossen."
"Message",Low,""
"Message",Low,"Task ""GenerateMDILGlobalAnalysis"""
"Message",Normal,"""C:\Program Files (x86)\Microsoft SDKs\UWPNuGetPackages\runtime.win10-x86.microsoft.net.native.compiler\2.2.1\tools\x86\ilc\Tools\nutc_driver.exe @""C:\Users\mariu\Desktop\projs\Spotitube\Spotitube\obj\x86\Release\ilc\intermediate\MDIL\SpotiTube.rsp"""" wird gestartet."
"Message",Low,"Microsoft (R) MDIL Compiler - Version 2.2.27015.02"
"Message",Low,"Copyright (c) Microsoft Corporation.  All rights reserved."
"Message",Low,"Eingabetypen werden untersucht"
"Message",Low,"14488 Methoden werden untersucht."
"Message",Low,"9150 Methoden werden untersucht."
"Message",Low,"5824 Methoden werden untersucht."
"Message",Low,"4640 Methoden werden untersucht."
"Message",Low,"3458 Methoden werden untersucht."
"Message",Low,"2448 Methoden werden untersucht."
"Message",Low,"2512 Methoden werden untersucht."
"Message",Low,"1455 Methoden werden untersucht."
"Message",Low,"1208 Methoden werden untersucht."
"Message",Low,"895 Methoden werden untersucht."
"Message",Low,"688 Methoden werden untersucht."
"Message",Low,"612 Methoden werden untersucht."
"Message",Low,"496 Methoden werden untersucht."
"Message",Low,"454 Methoden werden untersucht."
"Message",Low,"452 Methoden werden untersucht."
"Message",Low,"294 Methoden werden untersucht."
"Message",Low,"136 Methoden werden untersucht."
"Message",Low,"126 Methoden werden untersucht."
"Message",Low,"56 Methoden werden untersucht."
"Message",Low,"16 Methoden werden untersucht."
"Message",Low,"14 Methoden werden untersucht."
"Message",Low,"2 Methoden werden untersucht."
"Message",Low,"6 Methoden werden untersucht."
"Message",Low,"12 Methoden werden untersucht."
"Message",Low,"14 Methoden werden untersucht."
"Message",Low,"13 Methoden werden untersucht."
"Message",Low,"Vorzeitige Codegenerierung"
"Message",Low,"49469 Methoden werden kompiliert."
"Message",Low,"Verzögerte Codegenerierung"
"Message",Low,"7 Methoden werden kompiliert."
"Message",Low,"5 Methoden werden kompiliert."
"Message",Low,"2 Methoden werden kompiliert."
"Message",Low,"Aufrufen der verwalteten Methode Initialize erfolgreich; Exitcode: 0 bei der CTL-Generierung.Stapelüberwachungs-Metadatenstatistik"
"Message",Low,"Anzahl der ausgegebenen Methoden:   26175"
"Message",Low,"Metadaten-Blobgröße:          531524"
"Message",Low,"Methoden-RVA – Tokenzuordnungsgröße: 209400"
"Message",Low,"Native Größe gesamt:           740924"
"Message",Low,"""C:\Users\mariu\Desktop\projs\Spotitube\Spotitube\obj\x86\Release\ilc\intermediate\MDIL\SpotiTube.mdilexe"" wurde generiert"
"Message",Low,"""C:\Users\mariu\Desktop\projs\Spotitube\Spotitube\obj\x86\Release\ilc\intermediate\MDIL\SpotiTube.mdilpdb"" wurde generiert"
"Message",Low,"Kompiliert in MDIL-Code."
"Message",Normal,"""C:\Program Files (x86)\Microsoft SDKs\UWPNuGetPackages\runtime.win10-x86.microsoft.net.native.compiler\2.2.1\tools\x86\ilc\Tools\nutc_driver.exe @""C:\Users\mariu\Desktop\projs\Spotitube\Spotitube\obj\x86\Release\ilc\intermediate\MDIL\SpotiTube.rsp"""" wurde abgeschlossen."
"Message",Normal,"Statistiken für die Prozessausführung (alle Zeitangaben in Millisekunden)"
"Message",Normal,"-----------------------------------------------------------------------------"
"Message",Normal,"Start |  Starten   |   Beenden   |   Ende    | Dauer | Lebensdauer | [Slot] Name"
"Message",Normal,"-----------------------------------------------------------------------------"
"Message",Normal,"       0 |        0 |    43359 |    43359 |    43359 |    43359 | [0] Nutc GlobalAnalysis"
"Message",Normal,"Anzahl der Befehle:      1"
"Message",Normal,"Systemzeit gesamt:       43359 ms"
"Message",Normal,"Systemzeit pro Befehl: 43359 ms"
"Message",Normal,"Dauer gesamt:          43359 ms"
"Message",Normal,"Lebensdauer gesamt:          43359 ms"
"Message",Normal,"Angeforderter DOP:           8"
"Message",Normal,"Dauer DOP:            1,0"
"Message",Normal,"Lebensdauer DOP:            1,0"
"Message",Low,"Die Ausführung von Task ""GenerateMDILGlobalAnalysis"" wurde beendet."
"Message",Low,"Die Erstellung des Ziels ""GenerateMDILGlobalAnalysis"" in der Datei ""Nutc"" ist abgeschlossen."
"Message",Low,""
"Message",Low,"Task ""rc"""
"Message",Normal,"""C:\Program Files (x86)\Windows Kits\10\bin\10.0.17763.0\x64\rc.exe /c ""65001"" /r /fo ""C:\Users\mariu\Desktop\projs\Spotitube\Spotitube\obj\x86\Release\ilc\intermediate\BuildInfo\BuildInfo.res"" ""C:\Users\mariu\Desktop\projs\Spotitube\Spotitube\obj\x86\Release\ilc\intermediate\BuildInfo\BuildInfo.rc"""" wird gestartet."
"Message",Low,"Microsoft (R) Windows (R) Resource Compiler Version 10.0.10011.16384"
"Message",Low,"Copyright (C) Microsoft Corporation.  All rights reserved."
"Message",Normal,"""C:\Program Files (x86)\Windows Kits\10\bin\10.0.17763.0\x64\rc.exe /c ""65001"" /r /fo ""C:\Users\mariu\Desktop\projs\Spotitube\Spotitube\obj\x86\Release\ilc\intermediate\BuildInfo\BuildInfo.res"" ""C:\Users\mariu\Desktop\projs\Spotitube\Spotitube\obj\x86\Release\ilc\intermediate\BuildInfo\BuildInfo.rc"""" wurde abgeschlossen."
"Message",Normal,"Statistiken für die Prozessausführung (alle Zeitangaben in Millisekunden)"
"Message",Normal,"-----------------------------------------------------------------------------"
"Message",Normal,"Start |  Starten   |   Beenden   |   Ende    | Dauer | Lebensdauer | [Slot] Name"
"Message",Normal,"-----------------------------------------------------------------------------"
"Message",Normal,"       0 |       32 |       79 |       79 |       47 |       79 | [0] rc"
"Message",Normal,"Anzahl der Befehle:      1"
"Message",Normal,"Systemzeit gesamt:       79 ms"
"Message",Normal,"Systemzeit pro Befehl: 79 ms"
"Message",Normal,"Dauer gesamt:          47 ms"
"Message",Normal,"Lebensdauer gesamt:          79 ms"
"Message",Normal,"Angeforderter DOP:           8"
"Message",Normal,"Dauer DOP:            0,6"
"Message",Normal,"Lebensdauer DOP:            1,0"
"Message",Low,"Die Ausführung von Task ""rc"" wurde beendet."
"Message",Low,"Task ""ResourceBinaryConcatenate"""
"Message",Normal,"Die Verkettung in ""C:\Users\mariu\Desktop\projs\Spotitube\Spotitube\obj\x86\Release\ilc\intermediate\Native.res"" wird mit der Ausrichtung ""4"" ausgeführt."
"Message",Normal," ""C:\Users\mariu\Desktop\projs\Spotitube\Spotitube\obj\x86\Release\ilc\intermediate\ILTransformed\SpotiTube.res"" wurde am Offset 0 hinzugefügt."
"Message",Normal," ""C:\Users\mariu\Desktop\projs\Spotitube\Spotitube\obj\x86\Release\ilc\intermediate\BuildInfo\BuildInfo.res"" wurde am Offset 1368 hinzugefügt."
"Message",Low,"Die Ausführung von Task ""ResourceBinaryConcatenate"" wurde beendet."
"Message",Low,"Die Erstellung des Ziels ""GenerateBuildInfo"" in der Datei ""Nutc"" ist abgeschlossen."
"Message",Low,"Die Erstellung des Projekts ""Nutc"" ist abgeschlossen."
"Message",Low,""
"Message",Low,""
"Message",Low,"Die Erstellung des Ziels ""MDILBindPrepare"" in der Datei ""Binder"" ist abgeschlossen."
"Message",Low,""
"Message",High,"Korrekturen für nativen Code werden erstellt."
"Message",Low,"Task ""MDILBind"""
"Message",Normal,"""C:\Program Files (x86)\Microsoft SDKs\UWPNuGetPackages\runtime.win10-x86.microsoft.net.native.compiler\2.2.1\tools\x86\ilc\Tools\rhbind.exe @""C:\Users\mariu\Desktop\projs\Spotitube\Spotitube\obj\x86\Release\ilc\intermediate\rhbindargs.SpotiTube.rsp"""" wird gestartet."
"Message",Low,"BS-VERSION: Hauptversion: 6 Nebenversion: 2"
"Message",Low,"MDIL: C:\Users\mariu\Desktop\projs\Spotitube\Spotitube\obj\x86\Release\ilc\intermediate\MDIL\SpotiTube.mdilexe"
"Message",Low,"MDILPDB: C:\Users\mariu\Desktop\projs\Spotitube\Spotitube\obj\x86\Release\ilc\intermediate\MDIL\SpotiTube.mdilpdb"
"Message",Low,"IL: C:\Users\mariu\Desktop\projs\Spotitube\Spotitube\obj\x86\Release\ilc\intermediate\MDIL\SpotiTube.ilexe"
"Message",Low,"NI: C:\Users\mariu\Desktop\projs\Spotitube\Spotitube\obj\x86\Release\ilc\intermediate\Native\SpotiTube.dll"
"Message",Low,"SHIM: C:\Users\mariu\Desktop\projs\Spotitube\Spotitube\obj\x86\Release\ilc\intermediate\Native\SpotiTube.exe"
"Message",Low,"REDHAWK_RUNTIME_DLL_NAME_A=mrt100_app.dll"
"Message",Low,"pdb: C:\Users\mariu\Desktop\projs\Spotitube\Spotitube\obj\x86\Release\ilc\intermediate\Native\SpotiTube.pdb"
"Message",Low," C:\Users\mariu\Desktop\projs\Spotitube\Spotitube\obj\x86\Release\ilc\intermediate\Native\SpotiTube.dll in 4.831 Sekunden erstellt"
"Message",Normal,"""C:\Program Files (x86)\Microsoft SDKs\UWPNuGetPackages\runtime.win10-x86.microsoft.net.native.compiler\2.2.1\tools\x86\ilc\Tools\rhbind.exe @""C:\Users\mariu\Desktop\projs\Spotitube\Spotitube\obj\x86\Release\ilc\intermediate\rhbindargs.SpotiTube.rsp"""" wurde abgeschlossen."
"Message",Normal,"Statistiken für die Prozessausführung (alle Zeitangaben in Millisekunden)"
"Message",Normal,"-----------------------------------------------------------------------------"
"Message",Normal,"Start |  Starten   |   Beenden   |   Ende    | Dauer | Lebensdauer | [Slot] Name"
"Message",Normal,"-----------------------------------------------------------------------------"
"Message",Normal,"       0 |        0 |     4875 |     4875 |     4875 |     4875 | [0] rhbind SpotiTube"
"Message",Normal,"Anzahl der Befehle:      1"
"Message",Normal,"Systemzeit gesamt:       4875 ms"
"Message",Normal,"Systemzeit pro Befehl: 4875 ms"
"Message",Normal,"Dauer gesamt:          4875 ms"
"Message",Normal,"Lebensdauer gesamt:          4875 ms"
"Message",Normal,"Angeforderter DOP:           8"
"Message",Normal,"Dauer DOP:            1,0"
"Message",Normal,"Lebensdauer DOP:            1,0"
"Message",Low,"Die Ausführung von Task ""MDILBind"" wurde beendet."
"Message",Low,"Die Erstellung des Ziels ""MDILBind"" in der Datei ""Binder"" ist abgeschlossen."
"Message",Low,"Die Erstellung des Projekts ""Binder"" ist abgeschlossen."
"Message",Low,""
"Message",Low,""
"Message",Low,"Die Erstellung des Ziels ""CopyNativeExecutablesToOutput"" in der Datei ""Deployment"" ist abgeschlossen."
"Message",Low,""
"Message",Low,"Task ""TransformAppxManifest"""
"Message",Low,"Die Ausführung von Task ""TransformAppxManifest"" wurde beendet."
"Message",Low,"Die Erstellung des Ziels ""TransformAppxManifestAndAddCrt"" in der Datei ""Deployment"" ist abgeschlossen."
"Message",Low,""
"Message",Low,"Die Erstellung des Ziels ""CopyPackageResourceFileInRetailBuild"" in der Datei ""Deployment"" ist abgeschlossen."
"Message",Low,"Die Erstellung des Projekts ""Deployment"" ist abgeschlossen."
"Message",Low,"Die Kompilierung wurde abgeschlossen."
